,source,target,weight
0,笑顔,花,0.66875
1,笑顔,粉雪,0.05
2,笑顔,羽毛,0.21875
3,笑顔,蝶,0.3875
4,笑顔,踊り子,0.3875
5,笑顔,笑う,0.95
6,笑顔,明るい,0.95
7,笑顔,嬉しい,0.89375
8,笑顔,美しい,0.725
9,笑顔,可愛い,0.8374999999999999
10,笑顔,表情,0.89375
11,笑顔,癒し,0.78125
12,笑顔,子供,0.8374999999999999
13,笑顔,咲く,0.7249999999999999
14,笑顔,きれい,0.78125
15,笑顔,鮮やか,0.5562499999999999
16,笑顔,枯れる,0.3875
17,笑顔,植物,0.33125000000000004
18,笑顔,成長,0.3875
19,笑顔,水,0.10625
20,笑顔,やわらかい,0.725
21,笑顔,冷たい,0.38749999999999996
22,笑顔,降る,0.10625
23,笑顔,融ける,0.275
24,笑顔,白い,0.275
25,笑顔,寒い,0.16250000000000003
26,笑顔,灰色,0.05
27,笑顔,あたたかい,0.8374999999999999
28,笑顔,鳥,0.16250000000000003
29,笑顔,布団,0.05
30,笑顔,ふわふわ,0.3875
31,笑顔,羽,0.3875
32,笑顔,軽い,0.33125
33,笑顔,舞う,0.33125000000000004
34,笑顔,飛ぶ,0.05
35,笑顔,女性,0.725
36,笑顔,空,0.21875000000000003
37,笑顔,美しさ,0.78125
38,笑顔,儚さ,0.275
39,笑顔,踊り,0.55625
40,笑顔,スカート,0.10625
41,笑顔,夜,0.05
42,笑顔,音楽,0.33125000000000004
43,笑顔,回る,0.10625000000000001
44,笑顔,揺れる,0.275
45,笑顔,舞台,0.275
46,花,笑顔,0.66875
47,花,粉雪,0.10625
48,花,羽毛,0.21875000000000003
49,花,蝶,0.78125
50,花,踊り子,0.44375
51,花,笑う,0.55625
52,花,明るい,0.8374999999999999
53,花,嬉しい,0.5
54,花,美しい,0.8374999999999999
55,花,可愛い,0.78125
56,花,表情,0.44375000000000003
57,花,癒し,0.8375
58,花,子供,0.55625
59,花,咲く,0.95
60,花,きれい,0.8374999999999999
61,花,鮮やか,0.78125
62,花,枯れる,0.95
63,花,植物,0.89375
64,花,成長,0.78125
65,花,水,0.55625
66,花,やわらかい,0.725
67,花,冷たい,0.05
68,花,降る,0.21875
69,花,融ける,0.05
70,花,白い,0.6125
71,花,寒い,0.10625
72,花,灰色,0.05
73,花,あたたかい,0.5
74,花,鳥,0.5
75,花,布団,0.05
76,花,ふわふわ,0.44375
77,花,羽,0.38750000000000007
78,花,軽い,0.5
79,花,舞う,0.5562499999999999
80,花,飛ぶ,0.21875
81,花,女性,0.725
82,花,空,0.44375
83,花,美しさ,0.89375
84,花,儚さ,0.725
85,花,踊り,0.44375
86,花,スカート,0.33125
87,花,夜,0.21875000000000003
88,花,音楽,0.275
89,花,回る,0.21875000000000003
90,花,揺れる,0.33125
91,花,舞台,0.275
92,粉雪,笑顔,0.275
93,粉雪,花,0.1625
94,粉雪,羽毛,0.6125
95,粉雪,蝶,0.10625
96,粉雪,踊り子,0.33125000000000004
97,粉雪,笑う,0.21875
98,粉雪,明るい,0.275
99,粉雪,嬉しい,0.21875
100,粉雪,美しい,0.66875
101,粉雪,可愛い,0.275
102,粉雪,表情,0.05
103,粉雪,癒し,0.275
104,粉雪,子供,0.33125000000000004
105,粉雪,咲く,0.10625000000000001
106,粉雪,きれい,0.78125
107,粉雪,鮮やか,0.21875000000000003
108,粉雪,枯れる,0.275
109,粉雪,植物,0.10625
110,粉雪,成長,0.10625
111,粉雪,水,0.44375000000000003
112,粉雪,やわらかい,0.89375
113,粉雪,冷たい,0.95
114,粉雪,降る,0.95
115,粉雪,融ける,0.66875
116,粉雪,白い,0.95
117,粉雪,寒い,0.95
118,粉雪,灰色,0.5
119,粉雪,あたたかい,0.10625000000000001
120,粉雪,鳥,0.1625
121,粉雪,布団,0.21875000000000003
122,粉雪,ふわふわ,0.89375
123,粉雪,羽,0.275
124,粉雪,軽い,0.8374999999999999
125,粉雪,舞う,0.89375
126,粉雪,飛ぶ,0.33125000000000004
127,粉雪,女性,0.16250000000000003
128,粉雪,空,0.89375
129,粉雪,美しさ,0.725
130,粉雪,儚さ,0.6125
131,粉雪,踊り,0.275
132,粉雪,スカート,0.05
133,粉雪,夜,0.38749999999999996
134,粉雪,音楽,0.3875
135,粉雪,回る,0.3875
136,粉雪,揺れる,0.275
137,粉雪,舞台,0.10625
138,羽毛,笑顔,0.33125000000000004
139,羽毛,花,0.10625
140,羽毛,粉雪,0.44375
141,羽毛,蝶,0.16250000000000003
142,羽毛,踊り子,0.21875000000000003
143,羽毛,笑う,0.21875
144,羽毛,明るい,0.33125000000000004
145,羽毛,嬉しい,0.275
146,羽毛,美しい,0.44375
147,羽毛,可愛い,0.33125000000000004
148,羽毛,表情,0.05
149,羽毛,癒し,0.725
150,羽毛,子供,0.38749999999999996
151,羽毛,咲く,0.05
152,羽毛,きれい,0.44375
153,羽毛,鮮やか,0.16250000000000003
154,羽毛,枯れる,0.05
155,羽毛,植物,0.05
156,羽毛,成長,0.10625000000000001
157,羽毛,水,0.05
158,羽毛,やわらかい,0.89375
159,羽毛,冷たい,0.05
160,羽毛,降る,0.275
161,羽毛,融ける,0.1625
162,羽毛,白い,0.89375
163,羽毛,寒い,0.275
164,羽毛,灰色,0.33125
165,羽毛,あたたかい,0.95
166,羽毛,鳥,0.8374999999999999
167,羽毛,布団,0.89375
168,羽毛,ふわふわ,0.95
169,羽毛,羽,0.95
170,羽毛,軽い,0.89375
171,羽毛,舞う,0.6125
172,羽毛,飛ぶ,0.6125
173,羽毛,女性,0.3875
174,羽毛,空,0.44375
175,羽毛,美しさ,0.3875
176,羽毛,儚さ,0.33125000000000004
177,羽毛,踊り,0.3875
178,羽毛,スカート,0.1625
179,羽毛,夜,0.10625
180,羽毛,音楽,0.10625
181,羽毛,回る,0.33125000000000004
182,羽毛,揺れる,0.3875
183,羽毛,舞台,0.10625
184,蝶,笑顔,0.38750000000000007
185,蝶,花,0.89375
186,蝶,粉雪,0.21875000000000003
187,蝶,羽毛,0.275
188,蝶,踊り子,0.66875
189,蝶,笑う,0.5
190,蝶,明るい,0.725
191,蝶,嬉しい,0.275
192,蝶,美しい,0.89375
193,蝶,可愛い,0.78125
194,蝶,表情,0.21875000000000003
195,蝶,癒し,0.6125
196,蝶,子供,0.44375
197,蝶,咲く,0.44375
198,蝶,きれい,0.89375
199,蝶,鮮やか,0.78125
200,蝶,枯れる,0.16250000000000003
201,蝶,植物,0.5
202,蝶,成長,0.725
203,蝶,水,0.10625
204,蝶,やわらかい,0.55625
205,蝶,冷たい,0.16250000000000003
206,蝶,降る,0.05
207,蝶,融ける,0.05
208,蝶,白い,0.33125000000000004
209,蝶,寒い,0.10625
210,蝶,灰色,0.21875000000000003
211,蝶,あたたかい,0.33125
212,蝶,鳥,0.5
213,蝶,布団,0.05
214,蝶,ふわふわ,0.55625
215,蝶,羽,0.89375
216,蝶,軽い,0.78125
217,蝶,舞う,0.89375
218,蝶,飛ぶ,0.95
219,蝶,女性,0.78125
220,蝶,空,0.6687500000000001
221,蝶,美しさ,0.78125
222,蝶,儚さ,0.66875
223,蝶,踊り,0.55625
224,蝶,スカート,0.38749999999999996
225,蝶,夜,0.33125000000000004
226,蝶,音楽,0.44375
227,蝶,回る,0.33125
228,蝶,揺れる,0.38749999999999996
229,蝶,舞台,0.44375000000000003
230,踊り子,笑顔,0.5
231,踊り子,花,0.725
232,踊り子,粉雪,0.275
233,踊り子,羽毛,0.33125000000000004
234,踊り子,蝶,0.725
235,踊り子,笑う,0.55625
236,踊り子,明るい,0.6125
237,踊り子,嬉しい,0.3875
238,踊り子,美しい,0.78125
239,踊り子,可愛い,0.66875
240,踊り子,表情,0.44375
241,踊り子,癒し,0.5
242,踊り子,子供,0.16250000000000003
243,踊り子,咲く,0.5
244,踊り子,きれい,0.725
245,踊り子,鮮やか,0.44375
246,踊り子,枯れる,0.10625
247,踊り子,植物,0.21875000000000003
248,踊り子,成長,0.5
249,踊り子,水,0.05
250,踊り子,やわらかい,0.3875
251,踊り子,冷たい,0.1625
252,踊り子,降る,0.16250000000000003
253,踊り子,融ける,0.05
254,踊り子,白い,0.275
255,踊り子,寒い,0.10625
256,踊り子,灰色,0.05
257,踊り子,あたたかい,0.21875
258,踊り子,鳥,0.3875
259,踊り子,布団,0.05
260,踊り子,ふわふわ,0.275
261,踊り子,羽,0.38750000000000007
262,踊り子,軽い,0.5
263,踊り子,舞う,0.8374999999999999
264,踊り子,飛ぶ,0.44375
265,踊り子,女性,0.8374999999999999
266,踊り子,空,0.21875
267,踊り子,美しさ,0.95
268,踊り子,儚さ,0.5
269,踊り子,踊り,0.95
270,踊り子,スカート,0.78125
271,踊り子,夜,0.5
272,踊り子,音楽,0.8374999999999999
273,踊り子,回る,0.78125
274,踊り子,揺れる,0.66875
275,踊り子,舞台,0.89375
276,笑う,笑顔,0.95
277,笑う,花,0.5
278,笑う,粉雪,0.21875
279,笑う,羽毛,0.1625
280,笑う,蝶,0.275
281,笑う,踊り子,0.5
282,笑う,明るい,0.89375
283,笑う,嬉しい,0.8374999999999999
284,笑う,美しい,0.55625
285,笑う,可愛い,0.8374999999999999
286,笑う,表情,0.8374999999999999
287,笑う,癒し,0.66875
288,笑う,子供,0.89375
289,笑う,咲く,0.66875
290,笑う,きれい,0.55625
291,笑う,鮮やか,0.38750000000000007
292,笑う,枯れる,0.05
293,笑う,植物,0.10625
294,笑う,成長,0.33125000000000004
295,笑う,水,0.05
296,笑う,やわらかい,0.6125
297,笑う,冷たい,0.275
298,笑う,降る,0.05
299,笑う,融ける,0.275
300,笑う,白い,0.3875
301,笑う,寒い,0.10625
302,笑う,灰色,0.05
303,笑う,あたたかい,0.725
304,笑う,鳥,0.21875000000000003
305,笑う,布団,0.10625000000000001
306,笑う,ふわふわ,0.44375
307,笑う,羽,0.1625
308,笑う,軽い,0.5
309,笑う,舞う,0.5
310,笑う,飛ぶ,0.1625
311,笑う,女性,0.78125
312,笑う,空,0.44375
313,笑う,美しさ,0.55625
314,笑う,儚さ,0.33125000000000004
315,笑う,踊り,0.5
316,笑う,スカート,0.10625
317,笑う,夜,0.10625000000000001
318,笑う,音楽,0.33125000000000004
319,笑う,回る,0.3875
320,笑う,揺れる,0.21875
321,笑う,舞台,0.1625
322,明るい,笑顔,0.8374999999999999
323,明るい,花,0.66875
324,明るい,粉雪,0.16250000000000003
325,明るい,羽毛,0.38750000000000007
326,明るい,蝶,0.38749999999999996
327,明るい,踊り子,0.33125000000000004
328,明るい,笑う,0.89375
329,明るい,嬉しい,0.725
330,明るい,美しい,0.55625
331,明るい,可愛い,0.6125
332,明るい,表情,0.725
333,明るい,癒し,0.55625
334,明るい,子供,0.8375
335,明るい,咲く,0.6125
336,明るい,きれい,0.66875
337,明るい,鮮やか,0.6687500000000001
338,明るい,枯れる,0.10625
339,明るい,植物,0.33125
340,明るい,成長,0.3875
341,明るい,水,0.16250000000000003
342,明るい,やわらかい,0.55625
343,明るい,冷たい,0.05
344,明るい,降る,0.21875000000000003
345,明るい,融ける,0.275
346,明るい,白い,0.725
347,明るい,寒い,0.1625
348,明るい,灰色,0.05
349,明るい,あたたかい,0.725
350,明るい,鳥,0.3875
351,明るい,布団,0.10625
352,明るい,ふわふわ,0.3875
353,明るい,羽,0.10625
354,明るい,軽い,0.5
355,明るい,舞う,0.44375
356,明るい,飛ぶ,0.21875
357,明るい,女性,0.725
358,明るい,空,0.725
359,明るい,美しさ,0.44375
360,明るい,儚さ,0.10625
361,明るい,踊り,0.3875
362,明るい,スカート,0.21875000000000003
363,明るい,夜,0.10625000000000001
364,明るい,音楽,0.55625
365,明るい,回る,0.21875000000000003
366,明るい,揺れる,0.10625000000000001
367,明るい,舞台,0.5
368,嬉しい,笑顔,0.89375
369,嬉しい,花,0.44375
370,嬉しい,粉雪,0.05
371,嬉しい,羽毛,0.1625
372,嬉しい,蝶,0.3875
373,嬉しい,踊り子,0.21875000000000003
374,嬉しい,笑う,0.95
375,嬉しい,明るい,0.78125
376,嬉しい,美しい,0.44375
377,嬉しい,可愛い,0.44375
378,嬉しい,表情,0.8374999999999999
379,嬉しい,癒し,0.5
380,嬉しい,子供,0.6125
381,嬉しい,咲く,0.5
382,嬉しい,きれい,0.33125000000000004
383,嬉しい,鮮やか,0.33125000000000004
384,嬉しい,枯れる,0.05
385,嬉しい,植物,0.21875000000000003
386,嬉しい,成長,0.3875
387,嬉しい,水,0.10625
388,嬉しい,やわらかい,0.44375
389,嬉しい,冷たい,0.10625
390,嬉しい,降る,0.05
391,嬉しい,融ける,0.275
392,嬉しい,白い,0.33125000000000004
393,嬉しい,寒い,0.05
394,嬉しい,灰色,0.05
395,嬉しい,あたたかい,0.66875
396,嬉しい,鳥,0.16250000000000003
397,嬉しい,布団,0.16250000000000003
398,嬉しい,ふわふわ,0.33125000000000004
399,嬉しい,羽,0.10625000000000001
400,嬉しい,軽い,0.33125000000000004
401,嬉しい,舞う,0.5
402,嬉しい,飛ぶ,0.5
403,嬉しい,女性,0.44375
404,嬉しい,空,0.33125000000000004
405,嬉しい,美しさ,0.44375
406,嬉しい,儚さ,0.1625
407,嬉しい,踊り,0.6125
408,嬉しい,スカート,0.21875000000000003
409,嬉しい,夜,0.21875
410,嬉しい,音楽,0.44375
411,嬉しい,回る,0.55625
412,嬉しい,揺れる,0.44375
413,嬉しい,舞台,0.275
414,美しい,笑顔,0.725
415,美しい,花,0.8374999999999999
416,美しい,粉雪,0.44375000000000003
417,美しい,羽毛,0.21875000000000003
418,美しい,蝶,0.6125
419,美しい,踊り子,0.66875
420,美しい,笑う,0.6125
421,美しい,明るい,0.5
422,美しい,嬉しい,0.44375
423,美しい,可愛い,0.6687500000000001
424,美しい,表情,0.6125
425,美しい,癒し,0.5
426,美しい,子供,0.3875
427,美しい,咲く,0.66875
428,美しい,きれい,0.8374999999999999
429,美しい,鮮やか,0.6125
430,美しい,枯れる,0.16250000000000003
431,美しい,植物,0.44375
432,美しい,成長,0.275
433,美しい,水,0.38749999999999996
434,美しい,やわらかい,0.21875000000000003
435,美しい,冷たい,0.3875
436,美しい,降る,0.05
437,美しい,融ける,0.05
438,美しい,白い,0.6125
439,美しい,寒い,0.21875000000000003
440,美しい,灰色,0.05
441,美しい,あたたかい,0.3875
442,美しい,鳥,0.44375
443,美しい,布団,0.05
444,美しい,ふわふわ,0.16250000000000003
445,美しい,羽,0.55625
446,美しい,軽い,0.10625
447,美しい,舞う,0.5
448,美しい,飛ぶ,0.16250000000000003
449,美しい,女性,0.725
450,美しい,空,0.6124999999999999
451,美しい,美しさ,0.95
452,美しい,儚さ,0.725
453,美しい,踊り,0.5
454,美しい,スカート,0.16250000000000003
455,美しい,夜,0.44375
456,美しい,音楽,0.66875
457,美しい,回る,0.05
458,美しい,揺れる,0.21875
459,美しい,舞台,0.33125000000000004
460,可愛い,笑顔,0.78125
461,可愛い,花,0.78125
462,可愛い,粉雪,0.10625000000000001
463,可愛い,羽毛,0.33125000000000004
464,可愛い,蝶,0.5
465,可愛い,踊り子,0.5
466,可愛い,笑う,0.78125
467,可愛い,明るい,0.725
468,可愛い,嬉しい,0.44375
469,可愛い,美しい,0.6125
470,可愛い,表情,0.66875
471,可愛い,癒し,0.8375
472,可愛い,子供,0.8374999999999999
473,可愛い,咲く,0.55625
474,可愛い,きれい,0.6125
475,可愛い,鮮やか,0.44375
476,可愛い,枯れる,0.05
477,可愛い,植物,0.275
478,可愛い,成長,0.44375
479,可愛い,水,0.05
480,可愛い,やわらかい,0.6687500000000001
481,可愛い,冷たい,0.10625
482,可愛い,降る,0.05
483,可愛い,融ける,0.05
484,可愛い,白い,0.275
485,可愛い,寒い,0.05
486,可愛い,灰色,0.05
487,可愛い,あたたかい,0.55625
488,可愛い,鳥,0.5
489,可愛い,布団,0.05
490,可愛い,ふわふわ,0.55625
491,可愛い,羽,0.21875000000000003
492,可愛い,軽い,0.44375
493,可愛い,舞う,0.21875000000000003
494,可愛い,飛ぶ,0.21875
495,可愛い,女性,0.725
496,可愛い,空,0.05
497,可愛い,美しさ,0.6125
498,可愛い,儚さ,0.44375
499,可愛い,踊り,0.55625
500,可愛い,スカート,0.6124999999999999
501,可愛い,夜,0.05
502,可愛い,音楽,0.33125000000000004
503,可愛い,回る,0.1625
504,可愛い,揺れる,0.10625000000000001
505,可愛い,舞台,0.21875000000000003
506,表情,笑顔,0.89375
507,表情,花,0.55625
508,表情,粉雪,0.10625
509,表情,羽毛,0.10625
510,表情,蝶,0.21875000000000003
511,表情,踊り子,0.16250000000000003
512,表情,笑う,0.8374999999999999
513,表情,明るい,0.78125
514,表情,嬉しい,0.6125
515,表情,美しい,0.66875
516,表情,可愛い,0.66875
517,表情,癒し,0.6125
518,表情,子供,0.5
519,表情,咲く,0.275
520,表情,きれい,0.55625
521,表情,鮮やか,0.33125
522,表情,枯れる,0.16250000000000003
523,表情,植物,0.10625
524,表情,成長,0.21875000000000003
525,表情,水,0.05
526,表情,やわらかい,0.5562499999999999
527,表情,冷たい,0.6125
528,表情,降る,0.05
529,表情,融ける,0.21875
530,表情,白い,0.05
531,表情,寒い,0.21875000000000003
532,表情,灰色,0.1625
533,表情,あたたかい,0.6125
534,表情,鳥,0.16250000000000003
535,表情,布団,0.05
536,表情,ふわふわ,0.21875000000000003
537,表情,羽,0.10625
538,表情,軽い,0.10625
539,表情,舞う,0.10625
540,表情,飛ぶ,0.05
541,表情,女性,0.55625
542,表情,空,0.10625
543,表情,美しさ,0.5
544,表情,儚さ,0.38749999999999996
545,表情,踊り,0.3875
546,表情,スカート,0.05
547,表情,夜,0.10625
548,表情,音楽,0.21875000000000003
549,表情,回る,0.05
550,表情,揺れる,0.21875000000000003
551,表情,舞台,0.21875000000000003
552,癒し,笑顔,0.6124999999999999
553,癒し,花,0.66875
554,癒し,粉雪,0.1625
555,癒し,羽毛,0.44375000000000003
556,癒し,蝶,0.44375
557,癒し,踊り子,0.33125000000000004
558,癒し,笑う,0.6125
559,癒し,明るい,0.55625
560,癒し,嬉しい,0.5
561,癒し,美しい,0.33125000000000004
562,癒し,可愛い,0.725
563,癒し,表情,0.44375
564,癒し,子供,0.78125
565,癒し,咲く,0.21875000000000003
566,癒し,きれい,0.44375
567,癒し,鮮やか,0.21875
568,癒し,枯れる,0.05
569,癒し,植物,0.5
570,癒し,成長,0.16250000000000003
571,癒し,水,0.6125
572,癒し,やわらかい,0.78125
573,癒し,冷たい,0.05
574,癒し,降る,0.05
575,癒し,融ける,0.33125
576,癒し,白い,0.3875
577,癒し,寒い,0.05
578,癒し,灰色,0.05
579,癒し,あたたかい,0.725
580,癒し,鳥,0.33125000000000004
581,癒し,布団,0.7250000000000001
582,癒し,ふわふわ,0.78125
583,癒し,羽,0.275
584,癒し,軽い,0.275
585,癒し,舞う,0.275
586,癒し,飛ぶ,0.05
587,癒し,女性,0.55625
588,癒し,空,0.21875000000000003
589,癒し,美しさ,0.33125000000000004
590,癒し,儚さ,0.1625
591,癒し,踊り,0.3875
592,癒し,スカート,0.275
593,癒し,夜,0.33125000000000004
594,癒し,音楽,0.6125
595,癒し,回る,0.10625
596,癒し,揺れる,0.16250000000000003
597,癒し,舞台,0.21875000000000003
598,子供,笑顔,0.89375
599,子供,花,0.55625
600,子供,粉雪,0.33125000000000004
601,子供,羽毛,0.21875000000000003
602,子供,蝶,0.3875
603,子供,踊り子,0.21875000000000003
604,子供,笑う,0.95
605,子供,明るい,0.89375
606,子供,嬉しい,0.6125
607,子供,美しい,0.33125000000000004
608,子供,可愛い,0.8374999999999999
609,子供,表情,0.78125
610,子供,癒し,0.725
611,子供,咲く,0.5
612,子供,きれい,0.275
613,子供,鮮やか,0.21875
614,子供,枯れる,0.05
615,子供,植物,0.10625
616,子供,成長,0.89375
617,子供,水,0.10625
618,子供,やわらかい,0.78125
619,子供,冷たい,0.16250000000000003
620,子供,降る,0.05
621,子供,融ける,0.21875
622,子供,白い,0.33125000000000004
623,子供,寒い,0.3875
624,子供,灰色,0.05
625,子供,あたたかい,0.78125
626,子供,鳥,0.275
627,子供,布団,0.33125000000000004
628,子供,ふわふわ,0.5
629,子供,羽,0.3875
630,子供,軽い,0.725
631,子供,舞う,0.10625
632,子供,飛ぶ,0.275
633,子供,女性,0.55625
634,子供,空,0.3875
635,子供,美しさ,0.44375
636,子供,儚さ,0.21875
637,子供,踊り,0.5
638,子供,スカート,0.33125
639,子供,夜,0.21875000000000003
640,子供,音楽,0.44375
641,子供,回る,0.5
642,子供,揺れる,0.21875
643,子供,舞台,0.38749999999999996
644,咲く,笑顔,0.5
645,咲く,花,0.89375
646,咲く,粉雪,0.05
647,咲く,羽毛,0.16250000000000003
648,咲く,蝶,0.3875
649,咲く,踊り子,0.33125000000000004
650,咲く,笑う,0.6125
651,咲く,明るい,0.7249999999999999
652,咲く,嬉しい,0.66875
653,咲く,美しい,0.78125
654,咲く,可愛い,0.6125
655,咲く,表情,0.3875
656,咲く,癒し,0.3875
657,咲く,子供,0.3875
658,咲く,きれい,0.78125
659,咲く,鮮やか,0.78125
660,咲く,枯れる,0.8375
661,咲く,植物,0.89375
662,咲く,成長,0.78125
663,咲く,水,0.21875
664,咲く,やわらかい,0.3875
665,咲く,冷たい,0.05
666,咲く,降る,0.10625
667,咲く,融ける,0.10625000000000001
668,咲く,白い,0.33125000000000004
669,咲く,寒い,0.10625000000000001
670,咲く,灰色,0.05
671,咲く,あたたかい,0.6125
672,咲く,鳥,0.275
673,咲く,布団,0.05
674,咲く,ふわふわ,0.33125000000000004
675,咲く,羽,0.16250000000000003
676,咲く,軽い,0.275
677,咲く,舞う,0.275
678,咲く,飛ぶ,0.1625
679,咲く,女性,0.44375
680,咲く,空,0.1625
681,咲く,美しさ,0.78125
682,咲く,儚さ,0.5
683,咲く,踊り,0.16250000000000003
684,咲く,スカート,0.21875000000000003
685,咲く,夜,0.1625
686,咲く,音楽,0.3875
687,咲く,回る,0.21875
688,咲く,揺れる,0.21875
689,咲く,舞台,0.33125000000000004
690,きれい,笑顔,0.55625
691,きれい,花,0.78125
692,きれい,粉雪,0.44375
693,きれい,羽毛,0.21875
694,きれい,蝶,0.725
695,きれい,踊り子,0.44375000000000003
696,きれい,笑う,0.5
697,きれい,明るい,0.6687500000000001
698,きれい,嬉しい,0.5
699,きれい,美しい,0.89375
700,きれい,可愛い,0.5
701,きれい,表情,0.5
702,きれい,癒し,0.5
703,きれい,子供,0.33125000000000004
704,きれい,咲く,0.49999999999999994
705,きれい,鮮やか,0.725
706,きれい,枯れる,0.3875
707,きれい,植物,0.55625
708,きれい,成長,0.3875
709,きれい,水,0.6125
710,きれい,やわらかい,0.3875
711,きれい,冷たい,0.275
712,きれい,降る,0.16250000000000003
713,きれい,融ける,0.10625
714,きれい,白い,0.78125
715,きれい,寒い,0.21875
716,きれい,灰色,0.05
717,きれい,あたたかい,0.275
718,きれい,鳥,0.33125
719,きれい,布団,0.16250000000000003
720,きれい,ふわふわ,0.16250000000000003
721,きれい,羽,0.44375
722,きれい,軽い,0.21875
723,きれい,舞う,0.44375
724,きれい,飛ぶ,0.21875000000000003
725,きれい,女性,0.78125
726,きれい,空,0.38749999999999996
727,きれい,美しさ,0.8374999999999999
728,きれい,儚さ,0.5
729,きれい,踊り,0.44375
730,きれい,スカート,0.275
731,きれい,夜,0.3875
732,きれい,音楽,0.44375
733,きれい,回る,0.33125000000000004
734,きれい,揺れる,0.275
735,きれい,舞台,0.33125000000000004
736,鮮やか,笑顔,0.6125
737,鮮やか,花,0.725
738,鮮やか,粉雪,0.10625
739,鮮やか,羽毛,0.10625000000000001
740,鮮やか,蝶,0.55625
741,鮮やか,踊り子,0.33125000000000004
742,鮮やか,笑う,0.33125000000000004
743,鮮やか,明るい,0.78125
744,鮮やか,嬉しい,0.33125000000000004
745,鮮やか,美しい,0.66875
746,鮮やか,可愛い,0.275
747,鮮やか,表情,0.44375000000000003
748,鮮やか,癒し,0.10625000000000001
749,鮮やか,子供,0.21875000000000003
750,鮮やか,咲く,0.6125
751,鮮やか,きれい,0.78125
752,鮮やか,枯れる,0.33125000000000004
753,鮮やか,植物,0.44375
754,鮮やか,成長,0.33125000000000004
755,鮮やか,水,0.05
756,鮮やか,やわらかい,0.1625
757,鮮やか,冷たい,0.05
758,鮮やか,降る,0.16250000000000003
759,鮮やか,融ける,0.10625
760,鮮やか,白い,0.275
761,鮮やか,寒い,0.05
762,鮮やか,灰色,0.05
763,鮮やか,あたたかい,0.6125
764,鮮やか,鳥,0.33125000000000004
765,鮮やか,布団,0.05
766,鮮やか,ふわふわ,0.10625
767,鮮やか,羽,0.275
768,鮮やか,軽い,0.21875
769,鮮やか,舞う,0.5
770,鮮やか,飛ぶ,0.10625000000000001
771,鮮やか,女性,0.55625
772,鮮やか,空,0.5
773,鮮やか,美しさ,0.7250000000000001
774,鮮やか,儚さ,0.10625
775,鮮やか,踊り,0.33125000000000004
776,鮮やか,スカート,0.21875000000000003
777,鮮やか,夜,0.16250000000000003
778,鮮やか,音楽,0.44375
779,鮮やか,回る,0.1625
780,鮮やか,揺れる,0.1625
781,鮮やか,舞台,0.16250000000000003
782,枯れる,笑顔,0.21875000000000003
783,枯れる,花,0.78125
784,枯れる,粉雪,0.16250000000000003
785,枯れる,羽毛,0.10625000000000001
786,枯れる,蝶,0.16250000000000003
787,枯れる,踊り子,0.05
788,枯れる,笑う,0.1625
789,枯れる,明るい,0.05
790,枯れる,嬉しい,0.05
791,枯れる,美しい,0.3875
792,枯れる,可愛い,0.05
793,枯れる,表情,0.21875000000000003
794,枯れる,癒し,0.05
795,枯れる,子供,0.05
796,枯れる,咲く,0.38749999999999996
797,枯れる,きれい,0.33125000000000004
798,枯れる,鮮やか,0.05
799,枯れる,植物,0.89375
800,枯れる,成長,0.3875
801,枯れる,水,0.33125000000000004
802,枯れる,やわらかい,0.10625
803,枯れる,冷たい,0.6125
804,枯れる,降る,0.05
805,枯れる,融ける,0.16250000000000003
806,枯れる,白い,0.33125000000000004
807,枯れる,寒い,0.6125
808,枯れる,灰色,0.78125
809,枯れる,あたたかい,0.10625
810,枯れる,鳥,0.05
811,枯れる,布団,0.05
812,枯れる,ふわふわ,0.10625000000000001
813,枯れる,羽,0.05
814,枯れる,軽い,0.33125000000000004
815,枯れる,舞う,0.10625000000000001
816,枯れる,飛ぶ,0.33125000000000004
817,枯れる,女性,0.21875000000000003
818,枯れる,空,0.21875000000000003
819,枯れる,美しさ,0.3875
820,枯れる,儚さ,0.8375
821,枯れる,踊り,0.05
822,枯れる,スカート,0.05
823,枯れる,夜,0.33125000000000004
824,枯れる,音楽,0.05
825,枯れる,回る,0.10625
826,枯れる,揺れる,0.21875
827,枯れる,舞台,0.05
828,植物,笑顔,0.21875000000000003
829,植物,花,0.89375
830,植物,粉雪,0.05
831,植物,羽毛,0.05
832,植物,蝶,0.6125
833,植物,踊り子,0.21875000000000003
834,植物,笑う,0.21875000000000003
835,植物,明るい,0.3875
836,植物,嬉しい,0.1625
837,植物,美しい,0.44375
838,植物,可愛い,0.33125000000000004
839,植物,表情,0.16250000000000003
840,植物,癒し,0.5
841,植物,子供,0.10625
842,植物,咲く,0.89375
843,植物,きれい,0.55625
844,植物,鮮やか,0.5
845,植物,枯れる,0.8937499999999999
846,植物,成長,0.89375
847,植物,水,0.66875
848,植物,やわらかい,0.21875
849,植物,冷たい,0.275
850,植物,降る,0.1625
851,植物,融ける,0.10625000000000001
852,植物,白い,0.3875
853,植物,寒い,0.16250000000000003
854,植物,灰色,0.275
855,植物,あたたかい,0.44375
856,植物,鳥,0.33125000000000004
857,植物,布団,0.05
858,植物,ふわふわ,0.1625
859,植物,羽,0.05
860,植物,軽い,0.275
861,植物,舞う,0.10625
862,植物,飛ぶ,0.21875000000000003
863,植物,女性,0.3875
864,植物,空,0.21875
865,植物,美しさ,0.55625
866,植物,儚さ,0.6124999999999999
867,植物,踊り,0.1625
868,植物,スカート,0.10625
869,植物,夜,0.16250000000000003
870,植物,音楽,0.21875000000000003
871,植物,回る,0.10625
872,植物,揺れる,0.33125000000000004
873,植物,舞台,0.10625000000000001
874,成長,笑顔,0.3875
875,成長,花,0.78125
876,成長,粉雪,0.05
877,成長,羽毛,0.275
878,成長,蝶,0.55625
879,成長,踊り子,0.21875000000000003
880,成長,笑う,0.275
881,成長,明るい,0.33125
882,成長,嬉しい,0.6125
883,成長,美しい,0.5
884,成長,可愛い,0.5
885,成長,表情,0.21875000000000003
886,成長,癒し,0.21875
887,成長,子供,0.78125
888,成長,咲く,0.89375
889,成長,きれい,0.33125000000000004
890,成長,鮮やか,0.275
891,成長,枯れる,0.6125
892,成長,植物,0.78125
893,成長,水,0.05
894,成長,やわらかい,0.21875000000000003
895,成長,冷たい,0.05
896,成長,降る,0.05
897,成長,融ける,0.21875
898,成長,白い,0.1625
899,成長,寒い,0.10625
900,成長,灰色,0.05
901,成長,あたたかい,0.33125000000000004
902,成長,鳥,0.33125
903,成長,布団,0.10625
904,成長,ふわふわ,0.21875
905,成長,羽,0.33125000000000004
906,成長,軽い,0.1625
907,成長,舞う,0.275
908,成長,飛ぶ,0.5
909,成長,女性,0.33125000000000004
910,成長,空,0.275
911,成長,美しさ,0.5
912,成長,儚さ,0.275
913,成長,踊り,0.16250000000000003
914,成長,スカート,0.10625000000000001
915,成長,夜,0.275
916,成長,音楽,0.10625
917,成長,回る,0.1625
918,成長,揺れる,0.05
919,成長,舞台,0.44375000000000003
920,水,笑顔,0.10625
921,水,花,0.44375
922,水,粉雪,0.16250000000000003
923,水,羽毛,0.05
924,水,蝶,0.21875
925,水,踊り子,0.16250000000000003
926,水,笑う,0.05
927,水,明るい,0.21875000000000003
928,水,嬉しい,0.10625
929,水,美しい,0.6687500000000001
930,水,可愛い,0.05
931,水,表情,0.05
932,水,癒し,0.55625
933,水,子供,0.10625
934,水,咲く,0.1625
935,水,きれい,0.78125
936,水,鮮やか,0.10625
937,水,枯れる,0.33125000000000004
938,水,植物,0.5562499999999999
939,水,成長,0.21875
940,水,やわらかい,0.33125
941,水,冷たい,0.8375
942,水,降る,0.78125
943,水,融ける,0.275
944,水,白い,0.1625
945,水,寒い,0.725
946,水,灰色,0.05
947,水,あたたかい,0.33125
948,水,鳥,0.3875
949,水,布団,0.05
950,水,ふわふわ,0.05
951,水,羽,0.16250000000000003
952,水,軽い,0.275
953,水,舞う,0.16250000000000003
954,水,飛ぶ,0.10625000000000001
955,水,女性,0.05
956,水,空,0.5
957,水,美しさ,0.55625
958,水,儚さ,0.21875000000000003
959,水,踊り,0.16250000000000003
960,水,スカート,0.05
961,水,夜,0.05
962,水,音楽,0.16250000000000003
963,水,回る,0.21875000000000003
964,水,揺れる,0.44375
965,水,舞台,0.1625
966,やわらかい,笑顔,0.66875
967,やわらかい,花,0.6125
968,やわらかい,粉雪,0.6125
969,やわらかい,羽毛,0.78125
970,やわらかい,蝶,0.33125000000000004
971,やわらかい,踊り子,0.16250000000000003
972,やわらかい,笑う,0.44375
973,やわらかい,明るい,0.55625
974,やわらかい,嬉しい,0.5
975,やわらかい,美しい,0.3875
976,やわらかい,可愛い,0.725
977,やわらかい,表情,0.66875
978,やわらかい,癒し,0.78125
979,やわらかい,子供,0.55625
980,やわらかい,咲く,0.21875000000000003
981,やわらかい,きれい,0.10625
982,やわらかい,鮮やか,0.1625
983,やわらかい,枯れる,0.05
984,やわらかい,植物,0.275
985,やわらかい,成長,0.21875
986,やわらかい,水,0.21875000000000003
987,やわらかい,冷たい,0.05
988,やわらかい,降る,0.10625
989,やわらかい,融ける,0.5
990,やわらかい,白い,0.725
991,やわらかい,寒い,0.05
992,やわらかい,灰色,0.10625
993,やわらかい,あたたかい,0.8375
994,やわらかい,鳥,0.38749999999999996
995,やわらかい,布団,0.8374999999999999
996,やわらかい,ふわふわ,0.89375
997,やわらかい,羽,0.6125
998,やわらかい,軽い,0.6125
999,やわらかい,舞う,0.3875
1000,やわらかい,飛ぶ,0.275
1001,やわらかい,女性,0.6125
1002,やわらかい,空,0.16250000000000003
1003,やわらかい,美しさ,0.275
1004,やわらかい,儚さ,0.05
1005,やわらかい,踊り,0.33125000000000004
1006,やわらかい,スカート,0.275
1007,やわらかい,夜,0.10625000000000001
1008,やわらかい,音楽,0.10625
1009,やわらかい,回る,0.1625
1010,やわらかい,揺れる,0.6125
1011,やわらかい,舞台,0.10625
1012,冷たい,笑顔,0.21875000000000003
1013,冷たい,花,0.05
1014,冷たい,粉雪,0.6124999999999999
1015,冷たい,羽毛,0.05
1016,冷たい,蝶,0.05
1017,冷たい,踊り子,0.10625
1018,冷たい,笑う,0.10625
1019,冷たい,明るい,0.05
1020,冷たい,嬉しい,0.05
1021,冷たい,美しい,0.44375
1022,冷たい,可愛い,0.05
1023,冷たい,表情,0.5
1024,冷たい,癒し,0.05
1025,冷たい,子供,0.10625
1026,冷たい,咲く,0.05
1027,冷たい,きれい,0.33125000000000004
1028,冷たい,鮮やか,0.1625
1029,冷たい,枯れる,0.6125
1030,冷たい,植物,0.16250000000000003
1031,冷たい,成長,0.10625
1032,冷たい,水,0.78125
1033,冷たい,やわらかい,0.05
1034,冷たい,降る,0.33125000000000004
1035,冷たい,融ける,0.44375
1036,冷たい,白い,0.8375
1037,冷たい,寒い,0.95
1038,冷たい,灰色,0.66875
1039,冷たい,あたたかい,0.5
1040,冷たい,鳥,0.10625
1041,冷たい,布団,0.16250000000000003
1042,冷たい,ふわふわ,0.10625
1043,冷たい,羽,0.21875
1044,冷たい,軽い,0.10625
1045,冷たい,舞う,0.21875000000000003
1046,冷たい,飛ぶ,0.10625
1047,冷たい,女性,0.275
1048,冷たい,空,0.33125000000000004
1049,冷たい,美しさ,0.38749999999999996
1050,冷たい,儚さ,0.55625
1051,冷たい,踊り,0.10625
1052,冷たい,スカート,0.05
1053,冷たい,夜,0.725
1054,冷たい,音楽,0.16250000000000003
1055,冷たい,回る,0.05
1056,冷たい,揺れる,0.10625
1057,冷たい,舞台,0.05
1058,降る,笑顔,0.10625
1059,降る,花,0.21875
1060,降る,粉雪,0.725
1061,降る,羽毛,0.21875000000000003
1062,降る,蝶,0.10625
1063,降る,踊り子,0.10625
1064,降る,笑う,0.05
1065,降る,明るい,0.10625
1066,降る,嬉しい,0.05
1067,降る,美しい,0.275
1068,降る,可愛い,0.05
1069,降る,表情,0.10625
1070,降る,癒し,0.05
1071,降る,子供,0.05
1072,降る,咲く,0.10625
1073,降る,きれい,0.1625
1074,降る,鮮やか,0.10625
1075,降る,枯れる,0.16250000000000003
1076,降る,植物,0.1625
1077,降る,成長,0.1625
1078,降る,水,0.725
1079,降る,やわらかい,0.16250000000000003
1080,降る,冷たい,0.66875
1081,降る,融ける,0.275
1082,降る,白い,0.5
1083,降る,寒い,0.7249999999999999
1084,降る,灰色,0.5
1085,降る,あたたかい,0.05
1086,降る,鳥,0.10625
1087,降る,布団,0.05
1088,降る,ふわふわ,0.3875
1089,降る,羽,0.16250000000000003
1090,降る,軽い,0.21875000000000003
1091,降る,舞う,0.44375
1092,降る,飛ぶ,0.1625
1093,降る,女性,0.05
1094,降る,空,0.725
1095,降る,美しさ,0.16250000000000003
1096,降る,儚さ,0.33125000000000004
1097,降る,踊り,0.10625
1098,降る,スカート,0.10625
1099,降る,夜,0.33125000000000004
1100,降る,音楽,0.05
1101,降る,回る,0.10625
1102,降る,揺れる,0.05
1103,降る,舞台,0.10625
1104,融ける,笑顔,0.275
1105,融ける,花,0.10625000000000001
1106,融ける,粉雪,0.38749999999999996
1107,融ける,羽毛,0.05
1108,融ける,蝶,0.10625
1109,融ける,踊り子,0.10625000000000001
1110,融ける,笑う,0.33125000000000004
1111,融ける,明るい,0.21875
1112,融ける,嬉しい,0.21875
1113,融ける,美しい,0.33125000000000004
1114,融ける,可愛い,0.21875
1115,融ける,表情,0.10625
1116,融ける,癒し,0.38749999999999996
1117,融ける,子供,0.05
1118,融ける,咲く,0.275
1119,融ける,きれい,0.275
1120,融ける,鮮やか,0.1625
1121,融ける,枯れる,0.16250000000000003
1122,融ける,植物,0.1625
1123,融ける,成長,0.1625
1124,融ける,水,0.7250000000000001
1125,融ける,やわらかい,0.55625
1126,融ける,冷たい,0.38749999999999996
1127,融ける,降る,0.05
1128,融ける,白い,0.3875
1129,融ける,寒い,0.33125000000000004
1130,融ける,灰色,0.21875000000000003
1131,融ける,あたたかい,0.6125
1132,融ける,鳥,0.10625000000000001
1133,融ける,布団,0.05
1134,融ける,ふわふわ,0.1625
1135,融ける,羽,0.21875
1136,融ける,軽い,0.21875
1137,融ける,舞う,0.10625000000000001
1138,融ける,飛ぶ,0.1625
1139,融ける,女性,0.05
1140,融ける,空,0.33125000000000004
1141,融ける,美しさ,0.21875
1142,融ける,儚さ,0.55625
1143,融ける,踊り,0.05
1144,融ける,スカート,0.05
1145,融ける,夜,0.21875000000000003
1146,融ける,音楽,0.05
1147,融ける,回る,0.16250000000000003
1148,融ける,揺れる,0.1625
1149,融ける,舞台,0.05
1150,白い,笑顔,0.275
1151,白い,花,0.55625
1152,白い,粉雪,0.725
1153,白い,羽毛,0.66875
1154,白い,蝶,0.33125
1155,白い,踊り子,0.10625
1156,白い,笑う,0.1625
1157,白い,明るい,0.89375
1158,白い,嬉しい,0.1625
1159,白い,美しい,0.66875
1160,白い,可愛い,0.275
1161,白い,表情,0.16250000000000003
1162,白い,癒し,0.44375000000000003
1163,白い,子供,0.10625
1164,白い,咲く,0.21875
1165,白い,きれい,0.725
1166,白い,鮮やか,0.5
1167,白い,枯れる,0.33125000000000004
1168,白い,植物,0.33125000000000004
1169,白い,成長,0.16250000000000003
1170,白い,水,0.16250000000000003
1171,白い,やわらかい,0.44375
1172,白い,冷たい,0.8375
1173,白い,降る,0.33125000000000004
1174,白い,融ける,0.33125000000000004
1175,白い,寒い,0.8375
1176,白い,灰色,0.6687500000000001
1177,白い,あたたかい,0.275
1178,白い,鳥,0.21875000000000003
1179,白い,布団,0.3875
1180,白い,ふわふわ,0.66875
1181,白い,羽,0.5
1182,白い,軽い,0.6124999999999999
1183,白い,舞う,0.33125000000000004
1184,白い,飛ぶ,0.10625
1185,白い,女性,0.275
1186,白い,空,0.5
1187,白い,美しさ,0.725
1188,白い,儚さ,0.33125000000000004
1189,白い,踊り,0.10625
1190,白い,スカート,0.21875000000000003
1191,白い,夜,0.1625
1192,白い,音楽,0.05
1193,白い,回る,0.05
1194,白い,揺れる,0.1625
1195,白い,舞台,0.21875000000000003
1196,寒い,笑顔,0.1625
1197,寒い,花,0.21875000000000003
1198,寒い,粉雪,0.8375
1199,寒い,羽毛,0.33125
1200,寒い,蝶,0.1625
1201,寒い,踊り子,0.05
1202,寒い,笑う,0.10625000000000001
1203,寒い,明るい,0.10625000000000001
1204,寒い,嬉しい,0.05
1205,寒い,美しい,0.3875
1206,寒い,可愛い,0.05
1207,寒い,表情,0.275
1208,寒い,癒し,0.05
1209,寒い,子供,0.275
1210,寒い,咲く,0.05
1211,寒い,きれい,0.5
1212,寒い,鮮やか,0.275
1213,寒い,枯れる,0.89375
1214,寒い,植物,0.1625
1215,寒い,成長,0.1625
1216,寒い,水,0.6125
1217,寒い,やわらかい,0.05
1218,寒い,冷たい,0.95
1219,寒い,降る,0.66875
1220,寒い,融ける,0.1625
1221,寒い,白い,0.89375
1222,寒い,灰色,0.725
1223,寒い,あたたかい,0.38749999999999996
1224,寒い,鳥,0.1625
1225,寒い,布団,0.6687500000000001
1226,寒い,ふわふわ,0.16250000000000003
1227,寒い,羽,0.21875
1228,寒い,軽い,0.33125000000000004
1229,寒い,舞う,0.10625000000000001
1230,寒い,飛ぶ,0.10625
1231,寒い,女性,0.10625
1232,寒い,空,0.38749999999999996
1233,寒い,美しさ,0.275
1234,寒い,儚さ,0.44375
1235,寒い,踊り,0.10625
1236,寒い,スカート,0.275
1237,寒い,夜,0.6124999999999999
1238,寒い,音楽,0.10625
1239,寒い,回る,0.10625
1240,寒い,揺れる,0.10625
1241,寒い,舞台,0.1625
1242,灰色,笑顔,0.05
1243,灰色,花,0.16250000000000003
1244,灰色,粉雪,0.33125000000000004
1245,灰色,羽毛,0.275
1246,灰色,蝶,0.16250000000000003
1247,灰色,踊り子,0.10625
1248,灰色,笑う,0.05
1249,灰色,明るい,0.10625000000000001
1250,灰色,嬉しい,0.05
1251,灰色,美しい,0.1625
1252,灰色,可愛い,0.05
1253,灰色,表情,0.05
1254,灰色,癒し,0.05
1255,灰色,子供,0.05
1256,灰色,咲く,0.05
1257,灰色,きれい,0.05
1258,灰色,鮮やか,0.05
1259,灰色,枯れる,0.725
1260,灰色,植物,0.10625
1261,灰色,成長,0.05
1262,灰色,水,0.05
1263,灰色,やわらかい,0.05
1264,灰色,冷たい,0.725
1265,灰色,降る,0.21875
1266,灰色,融ける,0.10625000000000001
1267,灰色,白い,0.5562499999999999
1268,灰色,寒い,0.78125
1269,灰色,あたたかい,0.05
1270,灰色,鳥,0.16250000000000003
1271,灰色,布団,0.10625000000000001
1272,灰色,ふわふわ,0.275
1273,灰色,羽,0.3875
1274,灰色,軽い,0.33125000000000004
1275,灰色,舞う,0.21875000000000003
1276,灰色,飛ぶ,0.16250000000000003
1277,灰色,女性,0.05
1278,灰色,空,0.66875
1279,灰色,美しさ,0.10625
1280,灰色,儚さ,0.55625
1281,灰色,踊り,0.05
1282,灰色,スカート,0.10625
1283,灰色,夜,0.55625
1284,灰色,音楽,0.05
1285,灰色,回る,0.10625
1286,灰色,揺れる,0.05
1287,灰色,舞台,0.10625
1288,あたたかい,笑顔,0.66875
1289,あたたかい,花,0.6125
1290,あたたかい,粉雪,0.05
1291,あたたかい,羽毛,0.725
1292,あたたかい,蝶,0.33125000000000004
1293,あたたかい,踊り子,0.275
1294,あたたかい,笑う,0.725
1295,あたたかい,明るい,0.8375
1296,あたたかい,嬉しい,0.725
1297,あたたかい,美しい,0.275
1298,あたたかい,可愛い,0.275
1299,あたたかい,表情,0.725
1300,あたたかい,癒し,0.78125
1301,あたたかい,子供,0.66875
1302,あたたかい,咲く,0.44375
1303,あたたかい,きれい,0.16250000000000003
1304,あたたかい,鮮やか,0.33125000000000004
1305,あたたかい,枯れる,0.10625
1306,あたたかい,植物,0.33125
1307,あたたかい,成長,0.44375
1308,あたたかい,水,0.33125
1309,あたたかい,やわらかい,0.78125
1310,あたたかい,冷たい,0.6125
1311,あたたかい,降る,0.1625
1312,あたたかい,融ける,0.55625
1313,あたたかい,白い,0.33125000000000004
1314,あたたかい,寒い,0.21875
1315,あたたかい,灰色,0.05
1316,あたたかい,鳥,0.33125
1317,あたたかい,布団,0.89375
1318,あたたかい,ふわふわ,0.78125
1319,あたたかい,羽,0.55625
1320,あたたかい,軽い,0.275
1321,あたたかい,舞う,0.275
1322,あたたかい,飛ぶ,0.33125000000000004
1323,あたたかい,女性,0.66875
1324,あたたかい,空,0.44375
1325,あたたかい,美しさ,0.275
1326,あたたかい,儚さ,0.10625
1327,あたたかい,踊り,0.38749999999999996
1328,あたたかい,スカート,0.16250000000000003
1329,あたたかい,夜,0.1625
1330,あたたかい,音楽,0.33125
1331,あたたかい,回る,0.10625000000000001
1332,あたたかい,揺れる,0.1625
1333,あたたかい,舞台,0.16250000000000003
1334,鳥,笑顔,0.275
1335,鳥,花,0.38749999999999996
1336,鳥,粉雪,0.05
1337,鳥,羽毛,0.89375
1338,鳥,蝶,0.33125000000000004
1339,鳥,踊り子,0.5
1340,鳥,笑う,0.275
1341,鳥,明るい,0.275
1342,鳥,嬉しい,0.3875
1343,鳥,美しい,0.725
1344,鳥,可愛い,0.6687500000000001
1345,鳥,表情,0.21875000000000003
1346,鳥,癒し,0.44375
1347,鳥,子供,0.21875000000000003
1348,鳥,咲く,0.05
1349,鳥,きれい,0.44375
1350,鳥,鮮やか,0.3875
1351,鳥,枯れる,0.05
1352,鳥,植物,0.5
1353,鳥,成長,0.6125
1354,鳥,水,0.275
1355,鳥,やわらかい,0.55625
1356,鳥,冷たい,0.10625
1357,鳥,降る,0.10625
1358,鳥,融ける,0.05
1359,鳥,白い,0.33125
1360,鳥,寒い,0.1625
1361,鳥,灰色,0.3875
1362,鳥,あたたかい,0.3875
1363,鳥,布団,0.05
1364,鳥,ふわふわ,0.55625
1365,鳥,羽,0.95
1366,鳥,軽い,0.38749999999999996
1367,鳥,舞う,0.5
1368,鳥,飛ぶ,0.95
1369,鳥,女性,0.33125000000000004
1370,鳥,空,0.78125
1371,鳥,美しさ,0.725
1372,鳥,儚さ,0.21875000000000003
1373,鳥,踊り,0.5
1374,鳥,スカート,0.10625
1375,鳥,夜,0.16250000000000003
1376,鳥,音楽,0.5
1377,鳥,回る,0.44375
1378,鳥,揺れる,0.10625
1379,鳥,舞台,0.16250000000000003
1380,布団,笑顔,0.21875000000000003
1381,布団,花,0.16250000000000003
1382,布団,粉雪,0.1625
1383,布団,羽毛,0.8937499999999999
1384,布団,蝶,0.05
1385,布団,踊り子,0.10625000000000001
1386,布団,笑う,0.10625000000000001
1387,布団,明るい,0.1625
1388,布団,嬉しい,0.33125000000000004
1389,布団,美しい,0.05
1390,布団,可愛い,0.05
1391,布団,表情,0.05
1392,布団,癒し,0.66875
1393,布団,子供,0.5
1394,布団,咲く,0.05
1395,布団,きれい,0.275
1396,布団,鮮やか,0.10625000000000001
1397,布団,枯れる,0.05
1398,布団,植物,0.05
1399,布団,成長,0.10625000000000001
1400,布団,水,0.10625
1401,布団,やわらかい,0.89375
1402,布団,冷たい,0.21875
1403,布団,降る,0.05
1404,布団,融ける,0.1625
1405,布団,白い,0.6125
1406,布団,寒い,0.33125
1407,布団,灰色,0.10625000000000001
1408,布団,あたたかい,0.95
1409,布団,鳥,0.33125000000000004
1410,布団,ふわふわ,0.95
1411,布団,羽,0.55625
1412,布団,軽い,0.33125
1413,布団,舞う,0.05
1414,布団,飛ぶ,0.1625
1415,布団,女性,0.38749999999999996
1416,布団,空,0.16250000000000003
1417,布団,美しさ,0.10625000000000001
1418,布団,儚さ,0.05
1419,布団,踊り,0.05
1420,布団,スカート,0.05
1421,布団,夜,0.8374999999999999
1422,布団,音楽,0.05
1423,布団,回る,0.05
1424,布団,揺れる,0.10625
1425,布団,舞台,0.05
1426,ふわふわ,笑顔,0.6125
1427,ふわふわ,花,0.3875
1428,ふわふわ,粉雪,0.55625
1429,ふわふわ,羽毛,0.78125
1430,ふわふわ,蝶,0.44375
1431,ふわふわ,踊り子,0.33125000000000004
1432,ふわふわ,笑う,0.33125000000000004
1433,ふわふわ,明るい,0.5
1434,ふわふわ,嬉しい,0.3875
1435,ふわふわ,美しい,0.21875000000000003
1436,ふわふわ,可愛い,0.78125
1437,ふわふわ,表情,0.1625
1438,ふわふわ,癒し,0.8375
1439,ふわふわ,子供,0.6125
1440,ふわふわ,咲く,0.16250000000000003
1441,ふわふわ,きれい,0.44375
1442,ふわふわ,鮮やか,0.05
1443,ふわふわ,枯れる,0.10625000000000001
1444,ふわふわ,植物,0.10625000000000001
1445,ふわふわ,成長,0.275
1446,ふわふわ,水,0.05
1447,ふわふわ,やわらかい,0.89375
1448,ふわふわ,冷たい,0.05
1449,ふわふわ,降る,0.33125
1450,ふわふわ,融ける,0.3875
1451,ふわふわ,白い,0.78125
1452,ふわふわ,寒い,0.21875000000000003
1453,ふわふわ,灰色,0.05
1454,ふわふわ,あたたかい,0.78125
1455,ふわふわ,鳥,0.44375
1456,ふわふわ,布団,0.8374999999999999
1457,ふわふわ,羽,0.78125
1458,ふわふわ,軽い,0.66875
1459,ふわふわ,舞う,0.725
1460,ふわふわ,飛ぶ,0.5562499999999999
1461,ふわふわ,女性,0.38749999999999996
1462,ふわふわ,空,0.275
1463,ふわふわ,美しさ,0.275
1464,ふわふわ,儚さ,0.10625
1465,ふわふわ,踊り,0.275
1466,ふわふわ,スカート,0.275
1467,ふわふわ,夜,0.10625
1468,ふわふわ,音楽,0.05
1469,ふわふわ,回る,0.33125000000000004
1470,ふわふわ,揺れる,0.44375
1471,ふわふわ,舞台,0.16250000000000003
1472,羽,笑顔,0.3875
1473,羽,花,0.16250000000000003
1474,羽,粉雪,0.33125000000000004
1475,羽,羽毛,0.95
1476,羽,蝶,0.55625
1477,羽,踊り子,0.275
1478,羽,笑う,0.10625
1479,羽,明るい,0.1625
1480,羽,嬉しい,0.21875
1481,羽,美しい,0.55625
1482,羽,可愛い,0.275
1483,羽,表情,0.10625
1484,羽,癒し,0.6125
1485,羽,子供,0.33125000000000004
1486,羽,咲く,0.10625
1487,羽,きれい,0.6125
1488,羽,鮮やか,0.33125
1489,羽,枯れる,0.10625
1490,羽,植物,0.05
1491,羽,成長,0.33125000000000004
1492,羽,水,0.10625000000000001
1493,羽,やわらかい,0.725
1494,羽,冷たい,0.05
1495,羽,降る,0.21875000000000003
1496,羽,融ける,0.1625
1497,羽,白い,0.6125
1498,羽,寒い,0.10625
1499,羽,灰色,0.3875
1500,羽,あたたかい,0.55625
1501,羽,鳥,0.78125
1502,羽,布団,0.725
1503,羽,ふわふわ,0.89375
1504,羽,軽い,0.89375
1505,羽,舞う,0.78125
1506,羽,飛ぶ,0.95
1507,羽,女性,0.44375
1508,羽,空,0.66875
1509,羽,美しさ,0.5
1510,羽,儚さ,0.275
1511,羽,踊り,0.3875
1512,羽,スカート,0.10625
1513,羽,夜,0.21875
1514,羽,音楽,0.16250000000000003
1515,羽,回る,0.275
1516,羽,揺れる,0.55625
1517,羽,舞台,0.275
1518,軽い,笑顔,0.275
1519,軽い,花,0.33125000000000004
1520,軽い,粉雪,0.66875
1521,軽い,羽毛,0.78125
1522,軽い,蝶,0.33125000000000004
1523,軽い,踊り子,0.21875000000000003
1524,軽い,笑う,0.21875
1525,軽い,明るい,0.44375
1526,軽い,嬉しい,0.275
1527,軽い,美しい,0.05
1528,軽い,可愛い,0.33125000000000004
1529,軽い,表情,0.16250000000000003
1530,軽い,癒し,0.1625
1531,軽い,子供,0.66875
1532,軽い,咲く,0.10625
1533,軽い,きれい,0.05
1534,軽い,鮮やか,0.275
1535,軽い,枯れる,0.16250000000000003
1536,軽い,植物,0.21875000000000003
1537,軽い,成長,0.21875
1538,軽い,水,0.10625
1539,軽い,やわらかい,0.5
1540,軽い,冷たい,0.33125000000000004
1541,軽い,降る,0.33125000000000004
1542,軽い,融ける,0.33125000000000004
1543,軽い,白い,0.66875
1544,軽い,寒い,0.21875000000000003
1545,軽い,灰色,0.33125000000000004
1546,軽い,あたたかい,0.33125000000000004
1547,軽い,鳥,0.33125000000000004
1548,軽い,布団,0.275
1549,軽い,ふわふわ,0.78125
1550,軽い,羽,0.89375
1551,軽い,舞う,0.8375
1552,軽い,飛ぶ,0.66875
1553,軽い,女性,0.44375
1554,軽い,空,0.33125000000000004
1555,軽い,美しさ,0.1625
1556,軽い,儚さ,0.44375
1557,軽い,踊り,0.16250000000000003
1558,軽い,スカート,0.21875000000000003
1559,軽い,夜,0.10625
1560,軽い,音楽,0.10625
1561,軽い,回る,0.33125000000000004
1562,軽い,揺れる,0.55625
1563,軽い,舞台,0.10625
1564,舞う,笑顔,0.5
1565,舞う,花,0.44375
1566,舞う,粉雪,0.78125
1567,舞う,羽毛,0.6124999999999999
1568,舞う,蝶,0.725
1569,舞う,踊り子,0.78125
1570,舞う,笑う,0.3875
1571,舞う,明るい,0.55625
1572,舞う,嬉しい,0.6125
1573,舞う,美しい,0.78125
1574,舞う,可愛い,0.3875
1575,舞う,表情,0.3875
1576,舞う,癒し,0.33125000000000004
1577,舞う,子供,0.21875000000000003
1578,舞う,咲く,0.38750000000000007
1579,舞う,きれい,0.8374999999999999
1580,舞う,鮮やか,0.44375
1581,舞う,枯れる,0.10625
1582,舞う,植物,0.10625
1583,舞う,成長,0.21875000000000003
1584,舞う,水,0.275
1585,舞う,やわらかい,0.6125
1586,舞う,冷たい,0.10625
1587,舞う,降る,0.33125000000000004
1588,舞う,融ける,0.21875
1589,舞う,白い,0.5
1590,舞う,寒い,0.21875000000000003
1591,舞う,灰色,0.16250000000000003
1592,舞う,あたたかい,0.21875000000000003
1593,舞う,鳥,0.55625
1594,舞う,布団,0.05
1595,舞う,ふわふわ,0.725
1596,舞う,羽,0.55625
1597,舞う,軽い,0.5
1598,舞う,飛ぶ,0.44375000000000003
1599,舞う,女性,0.725
1600,舞う,空,0.6125
1601,舞う,美しさ,0.78125
1602,舞う,儚さ,0.3875
1603,舞う,踊り,0.89375
1604,舞う,スカート,0.55625
1605,舞う,夜,0.44375
1606,舞う,音楽,0.55625
1607,舞う,回る,0.5
1608,舞う,揺れる,0.5
1609,舞う,舞台,0.8375
1610,飛ぶ,笑顔,0.16250000000000003
1611,飛ぶ,花,0.1625
1612,飛ぶ,粉雪,0.275
1613,飛ぶ,羽毛,0.55625
1614,飛ぶ,蝶,0.725
1615,飛ぶ,踊り子,0.16250000000000003
1616,飛ぶ,笑う,0.10625000000000001
1617,飛ぶ,明るい,0.21875000000000003
1618,飛ぶ,嬉しい,0.3875
1619,飛ぶ,美しい,0.33125000000000004
1620,飛ぶ,可愛い,0.1625
1621,飛ぶ,表情,0.10625
1622,飛ぶ,癒し,0.05
1623,飛ぶ,子供,0.275
1624,飛ぶ,咲く,0.05
1625,飛ぶ,きれい,0.21875000000000003
1626,飛ぶ,鮮やか,0.10625
1627,飛ぶ,枯れる,0.05
1628,飛ぶ,植物,0.05
1629,飛ぶ,成長,0.3875
1630,飛ぶ,水,0.05
1631,飛ぶ,やわらかい,0.21875000000000003
1632,飛ぶ,冷たい,0.10625
1633,飛ぶ,降る,0.21875000000000003
1634,飛ぶ,融ける,0.05
1635,飛ぶ,白い,0.16250000000000003
1636,飛ぶ,寒い,0.10625
1637,飛ぶ,灰色,0.275
1638,飛ぶ,あたたかい,0.10625
1639,飛ぶ,鳥,0.8374999999999999
1640,飛ぶ,布団,0.1625
1641,飛ぶ,ふわふわ,0.55625
1642,飛ぶ,羽,0.78125
1643,飛ぶ,軽い,0.725
1644,飛ぶ,舞う,0.6125
1645,飛ぶ,女性,0.05
1646,飛ぶ,空,0.89375
1647,飛ぶ,美しさ,0.3875
1648,飛ぶ,儚さ,0.33125000000000004
1649,飛ぶ,踊り,0.33125000000000004
1650,飛ぶ,スカート,0.10625
1651,飛ぶ,夜,0.1625
1652,飛ぶ,音楽,0.1625
1653,飛ぶ,回る,0.38749999999999996
1654,飛ぶ,揺れる,0.21875000000000003
1655,飛ぶ,舞台,0.38750000000000007
1656,女性,笑顔,0.8375
1657,女性,花,0.725
1658,女性,粉雪,0.05
1659,女性,羽毛,0.1625
1660,女性,蝶,0.66875
1661,女性,踊り子,0.6124999999999999
1662,女性,笑う,0.725
1663,女性,明るい,0.6125
1664,女性,嬉しい,0.5
1665,女性,美しい,0.89375
1666,女性,可愛い,0.8937499999999999
1667,女性,表情,0.55625
1668,女性,癒し,0.725
1669,女性,子供,0.5
1670,女性,咲く,0.5
1671,女性,きれい,0.8374999999999999
1672,女性,鮮やか,0.5
1673,女性,枯れる,0.1625
1674,女性,植物,0.33125000000000004
1675,女性,成長,0.55625
1676,女性,水,0.1625
1677,女性,やわらかい,0.6687500000000001
1678,女性,冷たい,0.21875000000000003
1679,女性,降る,0.05
1680,女性,融ける,0.1625
1681,女性,白い,0.5
1682,女性,寒い,0.1625
1683,女性,灰色,0.10625
1684,女性,あたたかい,0.78125
1685,女性,鳥,0.44375
1686,女性,布団,0.21875000000000003
1687,女性,ふわふわ,0.6125
1688,女性,羽,0.3875
1689,女性,軽い,0.44375
1690,女性,舞う,0.3875
1691,女性,飛ぶ,0.10625
1692,女性,空,0.16250000000000003
1693,女性,美しさ,0.8374999999999999
1694,女性,儚さ,0.5
1695,女性,踊り,0.55625
1696,女性,スカート,0.78125
1697,女性,夜,0.275
1698,女性,音楽,0.44375000000000003
1699,女性,回る,0.16250000000000003
1700,女性,揺れる,0.1625
1701,女性,舞台,0.5
1702,空,笑顔,0.21875
1703,空,花,0.275
1704,空,粉雪,0.78125
1705,空,羽毛,0.275
1706,空,蝶,0.55625
1707,空,踊り子,0.1625
1708,空,笑う,0.10625
1709,空,明るい,0.78125
1710,空,嬉しい,0.275
1711,空,美しい,0.66875
1712,空,可愛い,0.10625
1713,空,表情,0.33125
1714,空,癒し,0.10625
1715,空,子供,0.10625
1716,空,咲く,0.10625
1717,空,きれい,0.7250000000000001
1718,空,鮮やか,0.44375
1719,空,枯れる,0.05
1720,空,植物,0.1625
1721,空,成長,0.21875000000000003
1722,空,水,0.33125
1723,空,やわらかい,0.275
1724,空,冷たい,0.44375
1725,空,降る,0.78125
1726,空,融ける,0.275
1727,空,白い,0.6687500000000001
1728,空,寒い,0.5
1729,空,灰色,0.6125
1730,空,あたたかい,0.5
1731,空,鳥,0.78125
1732,空,布団,0.10625
1733,空,ふわふわ,0.33125000000000004
1734,空,羽,0.78125
1735,空,軽い,0.33125000000000004
1736,空,舞う,0.5
1737,空,飛ぶ,0.78125
1738,空,女性,0.16250000000000003
1739,空,美しさ,0.6125
1740,空,儚さ,0.3875
1741,空,踊り,0.10625
1742,空,スカート,0.05
1743,空,夜,0.5
1744,空,音楽,0.05
1745,空,回る,0.21875000000000003
1746,空,揺れる,0.10625000000000001
1747,空,舞台,0.33125000000000004
1748,美しさ,笑顔,0.55625
1749,美しさ,花,0.725
1750,美しさ,粉雪,0.44375
1751,美しさ,羽毛,0.10625
1752,美しさ,蝶,0.725
1753,美しさ,踊り子,0.5
1754,美しさ,笑う,0.33125000000000004
1755,美しさ,明るい,0.66875
1756,美しさ,嬉しい,0.33125000000000004
1757,美しさ,美しい,0.95
1758,美しさ,可愛い,0.55625
1759,美しさ,表情,0.55625
1760,美しさ,癒し,0.5
1761,美しさ,子供,0.33125000000000004
1762,美しさ,咲く,0.66875
1763,美しさ,きれい,0.8374999999999999
1764,美しさ,鮮やか,0.7250000000000001
1765,美しさ,枯れる,0.275
1766,美しさ,植物,0.44375
1767,美しさ,成長,0.21875000000000003
1768,美しさ,水,0.44375
1769,美しさ,やわらかい,0.33125000000000004
1770,美しさ,冷たい,0.33125000000000004
1771,美しさ,降る,0.10625
1772,美しさ,融ける,0.05
1773,美しさ,白い,0.55625
1774,美しさ,寒い,0.1625
1775,美しさ,灰色,0.05
1776,美しさ,あたたかい,0.275
1777,美しさ,鳥,0.44375
1778,美しさ,布団,0.05
1779,美しさ,ふわふわ,0.33125000000000004
1780,美しさ,羽,0.44375
1781,美しさ,軽い,0.10625
1782,美しさ,舞う,0.3875
1783,美しさ,飛ぶ,0.16250000000000003
1784,美しさ,女性,0.78125
1785,美しさ,空,0.44375
1786,美しさ,儚さ,0.55625
1787,美しさ,踊り,0.5
1788,美しさ,スカート,0.275
1789,美しさ,夜,0.3875
1790,美しさ,音楽,0.44375000000000003
1791,美しさ,回る,0.38750000000000007
1792,美しさ,揺れる,0.1625
1793,美しさ,舞台,0.44375
1794,儚さ,笑顔,0.33125
1795,儚さ,花,0.66875
1796,儚さ,粉雪,0.5
1797,儚さ,羽毛,0.16250000000000003
1798,儚さ,蝶,0.55625
1799,儚さ,踊り子,0.16250000000000003
1800,儚さ,笑う,0.3875
1801,儚さ,明るい,0.10625
1802,儚さ,嬉しい,0.05
1803,儚さ,美しい,0.66875
1804,儚さ,可愛い,0.21875000000000003
1805,儚さ,表情,0.44375
1806,儚さ,癒し,0.21875000000000003
1807,儚さ,子供,0.275
1808,儚さ,咲く,0.44375
1809,儚さ,きれい,0.5
1810,儚さ,鮮やか,0.33125
1811,儚さ,枯れる,0.5
1812,儚さ,植物,0.5
1813,儚さ,成長,0.10625
1814,儚さ,水,0.10625
1815,儚さ,やわらかい,0.33125000000000004
1816,儚さ,冷たい,0.44375000000000003
1817,儚さ,降る,0.21875000000000003
1818,儚さ,融ける,0.275
1819,儚さ,白い,0.44375
1820,儚さ,寒い,0.21875000000000003
1821,儚さ,灰色,0.44375
1822,儚さ,あたたかい,0.05
1823,儚さ,鳥,0.10625
1824,儚さ,布団,0.05
1825,儚さ,ふわふわ,0.10625000000000001
1826,儚さ,羽,0.275
1827,儚さ,軽い,0.275
1828,儚さ,舞う,0.3875
1829,儚さ,飛ぶ,0.1625
1830,儚さ,女性,0.5
1831,儚さ,空,0.5
1832,儚さ,美しさ,0.66875
1833,儚さ,踊り,0.21875000000000003
1834,儚さ,スカート,0.10625
1835,儚さ,夜,0.44375
1836,儚さ,音楽,0.3875
1837,儚さ,回る,0.10625
1838,儚さ,揺れる,0.33125000000000004
1839,儚さ,舞台,0.33125000000000004
1840,踊り,笑顔,0.5
1841,踊り,花,0.33125000000000004
1842,踊り,粉雪,0.05
1843,踊り,羽毛,0.21875000000000003
1844,踊り,蝶,0.5
1845,踊り,踊り子,0.89375
1846,踊り,笑う,0.55625
1847,踊り,明るい,0.66875
1848,踊り,嬉しい,0.6125
1849,踊り,美しい,0.725
1850,踊り,可愛い,0.3875
1851,踊り,表情,0.33125000000000004
1852,踊り,癒し,0.44375000000000003
1853,踊り,子供,0.33125000000000004
1854,踊り,咲く,0.38750000000000007
1855,踊り,きれい,0.66875
1856,踊り,鮮やか,0.55625
1857,踊り,枯れる,0.05
1858,踊り,植物,0.10625
1859,踊り,成長,0.33125000000000004
1860,踊り,水,0.16250000000000003
1861,踊り,やわらかい,0.33125000000000004
1862,踊り,冷たい,0.16250000000000003
1863,踊り,降る,0.05
1864,踊り,融ける,0.21875
1865,踊り,白い,0.10625
1866,踊り,寒い,0.10625
1867,踊り,灰色,0.05
1868,踊り,あたたかい,0.33125
1869,踊り,鳥,0.21875000000000003
1870,踊り,布団,0.05
1871,踊り,ふわふわ,0.5
1872,踊り,羽,0.5
1873,踊り,軽い,0.55625
1874,踊り,舞う,0.78125
1875,踊り,飛ぶ,0.38749999999999996
1876,踊り,女性,0.78125
1877,踊り,空,0.10625
1878,踊り,美しさ,0.78125
1879,踊り,儚さ,0.5
1880,踊り,スカート,0.6125
1881,踊り,夜,0.44375
1882,踊り,音楽,0.89375
1883,踊り,回る,0.8374999999999999
1884,踊り,揺れる,0.7250000000000001
1885,踊り,舞台,0.8375
1886,スカート,笑顔,0.21875000000000003
1887,スカート,花,0.275
1888,スカート,粉雪,0.275
1889,スカート,羽毛,0.21875000000000003
1890,スカート,蝶,0.21875000000000003
1891,スカート,踊り子,0.5
1892,スカート,笑う,0.1625
1893,スカート,明るい,0.275
1894,スカート,嬉しい,0.1625
1895,スカート,美しい,0.38749999999999996
1896,スカート,可愛い,0.55625
1897,スカート,表情,0.10625000000000001
1898,スカート,癒し,0.10625000000000001
1899,スカート,子供,0.38749999999999996
1900,スカート,咲く,0.10625
1901,スカート,きれい,0.6125
1902,スカート,鮮やか,0.275
1903,スカート,枯れる,0.05
1904,スカート,植物,0.05
1905,スカート,成長,0.10625000000000001
1906,スカート,水,0.05
1907,スカート,やわらかい,0.44375
1908,スカート,冷たい,0.10625000000000001
1909,スカート,降る,0.05
1910,スカート,融ける,0.05
1911,スカート,白い,0.21875
1912,スカート,寒い,0.16250000000000003
1913,スカート,灰色,0.10625
1914,スカート,あたたかい,0.275
1915,スカート,鳥,0.10625
1916,スカート,布団,0.10625
1917,スカート,ふわふわ,0.33125
1918,スカート,羽,0.275
1919,スカート,軽い,0.38749999999999996
1920,スカート,舞う,0.5
1921,スカート,飛ぶ,0.10625000000000001
1922,スカート,女性,0.95
1923,スカート,空,0.10625
1924,スカート,美しさ,0.5
1925,スカート,儚さ,0.10625
1926,スカート,踊り,0.44375
1927,スカート,夜,0.05
1928,スカート,音楽,0.16250000000000003
1929,スカート,回る,0.5
1930,スカート,揺れる,0.6124999999999999
1931,スカート,舞台,0.55625
1932,夜,笑顔,0.1625
1933,夜,花,0.21875000000000003
1934,夜,粉雪,0.3875
1935,夜,羽毛,0.10625
1936,夜,蝶,0.3875
1937,夜,踊り子,0.275
1938,夜,笑う,0.10625000000000001
1939,夜,明るい,0.1625
1940,夜,嬉しい,0.10625000000000001
1941,夜,美しい,0.55625
1942,夜,可愛い,0.05
1943,夜,表情,0.275
1944,夜,癒し,0.5
1945,夜,子供,0.05
1946,夜,咲く,0.10625
1947,夜,きれい,0.55625
1948,夜,鮮やか,0.275
1949,夜,枯れる,0.44375000000000003
1950,夜,植物,0.05
1951,夜,成長,0.33125000000000004
1952,夜,水,0.10625
1953,夜,やわらかい,0.1625
1954,夜,冷たい,0.78125
1955,夜,降る,0.21875000000000003
1956,夜,融ける,0.21875000000000003
1957,夜,白い,0.16250000000000003
1958,夜,寒い,0.8375
1959,夜,灰色,0.55625
1960,夜,あたたかい,0.10625
1961,夜,鳥,0.10625
1962,夜,布団,0.8375
1963,夜,ふわふわ,0.10625000000000001
1964,夜,羽,0.10625
1965,夜,軽い,0.05
1966,夜,舞う,0.275
1967,夜,飛ぶ,0.10625
1968,夜,女性,0.275
1969,夜,空,0.725
1970,夜,美しさ,0.6125
1971,夜,儚さ,0.725
1972,夜,踊り,0.3875
1973,夜,スカート,0.05
1974,夜,音楽,0.33125000000000004
1975,夜,回る,0.05
1976,夜,揺れる,0.21875
1977,夜,舞台,0.1625
1978,音楽,笑顔,0.5
1979,音楽,花,0.5
1980,音楽,粉雪,0.33125000000000004
1981,音楽,羽毛,0.10625000000000001
1982,音楽,蝶,0.21875000000000003
1983,音楽,踊り子,0.66875
1984,音楽,笑う,0.55625
1985,音楽,明るい,0.66875
1986,音楽,嬉しい,0.5
1987,音楽,美しい,0.66875
1988,音楽,可愛い,0.275
1989,音楽,表情,0.275
1990,音楽,癒し,0.725
1991,音楽,子供,0.33125000000000004
1992,音楽,咲く,0.1625
1993,音楽,きれい,0.55625
1994,音楽,鮮やか,0.5
1995,音楽,枯れる,0.05
1996,音楽,植物,0.16250000000000003
1997,音楽,成長,0.1625
1998,音楽,水,0.16250000000000003
1999,音楽,やわらかい,0.275
2000,音楽,冷たい,0.21875000000000003
2001,音楽,降る,0.05
2002,音楽,融ける,0.05
2003,音楽,白い,0.10625
2004,音楽,寒い,0.16250000000000003
2005,音楽,灰色,0.10625
2006,音楽,あたたかい,0.33125
2007,音楽,鳥,0.275
2008,音楽,布団,0.05
2009,音楽,ふわふわ,0.16250000000000003
2010,音楽,羽,0.10625
2011,音楽,軽い,0.16250000000000003
2012,音楽,舞う,0.6124999999999999
2013,音楽,飛ぶ,0.10625
2014,音楽,女性,0.5
2015,音楽,空,0.21875000000000003
2016,音楽,美しさ,0.55625
2017,音楽,儚さ,0.33125
2018,音楽,踊り,0.725
2019,音楽,スカート,0.1625
2020,音楽,夜,0.44375
2021,音楽,回る,0.21875
2022,音楽,揺れる,0.44375
2023,音楽,舞台,0.6125
2024,回る,笑顔,0.21875000000000003
2025,回る,花,0.16250000000000003
2026,回る,粉雪,0.16250000000000003
2027,回る,羽毛,0.21875000000000003
2028,回る,蝶,0.275
2029,回る,踊り子,0.8375
2030,回る,笑う,0.33125000000000004
2031,回る,明るい,0.3875
2032,回る,嬉しい,0.44375
2033,回る,美しい,0.44375000000000003
2034,回る,可愛い,0.33125000000000004
2035,回る,表情,0.21875000000000003
2036,回る,癒し,0.10625
2037,回る,子供,0.33125000000000004
2038,回る,咲く,0.16250000000000003
2039,回る,きれい,0.55625
2040,回る,鮮やか,0.275
2041,回る,枯れる,0.05
2042,回る,植物,0.10625
2043,回る,成長,0.16250000000000003
2044,回る,水,0.21875
2045,回る,やわらかい,0.10625
2046,回る,冷たい,0.05
2047,回る,降る,0.10625
2048,回る,融ける,0.10625
2049,回る,白い,0.10625
2050,回る,寒い,0.10625
2051,回る,灰色,0.05
2052,回る,あたたかい,0.05
2053,回る,鳥,0.275
2054,回る,布団,0.05
2055,回る,ふわふわ,0.21875000000000003
2056,回る,羽,0.275
2057,回る,軽い,0.6125
2058,回る,舞う,0.44375
2059,回る,飛ぶ,0.16250000000000003
2060,回る,女性,0.275
2061,回る,空,0.21875000000000003
2062,回る,美しさ,0.21875000000000003
2063,回る,儚さ,0.10625
2064,回る,踊り,0.55625
2065,回る,スカート,0.55625
2066,回る,夜,0.16250000000000003
2067,回る,音楽,0.33125000000000004
2068,回る,揺れる,0.55625
2069,回る,舞台,0.6125
2070,揺れる,笑顔,0.16250000000000003
2071,揺れる,花,0.275
2072,揺れる,粉雪,0.10625
2073,揺れる,羽毛,0.21875
2074,揺れる,蝶,0.33125000000000004
2075,揺れる,踊り子,0.44375
2076,揺れる,笑う,0.21875
2077,揺れる,明るい,0.21875
2078,揺れる,嬉しい,0.21875
2079,揺れる,美しい,0.275
2080,揺れる,可愛い,0.1625
2081,揺れる,表情,0.21875000000000003
2082,揺れる,癒し,0.21875
2083,揺れる,子供,0.16250000000000003
2084,揺れる,咲く,0.1625
2085,揺れる,きれい,0.33125000000000004
2086,揺れる,鮮やか,0.16250000000000003
2087,揺れる,枯れる,0.10625
2088,揺れる,植物,0.44375
2089,揺れる,成長,0.05
2090,揺れる,水,0.21875
2091,揺れる,やわらかい,0.44375
2092,揺れる,冷たい,0.10625
2093,揺れる,降る,0.10625000000000001
2094,揺れる,融ける,0.10625
2095,揺れる,白い,0.275
2096,揺れる,寒い,0.1625
2097,揺れる,灰色,0.05
2098,揺れる,あたたかい,0.21875
2099,揺れる,鳥,0.21875000000000003
2100,揺れる,布団,0.10625
2101,揺れる,ふわふわ,0.21875
2102,揺れる,羽,0.5
2103,揺れる,軽い,0.44375
2104,揺れる,舞う,0.38749999999999996
2105,揺れる,飛ぶ,0.10625
2106,揺れる,女性,0.275
2107,揺れる,空,0.05
2108,揺れる,美しさ,0.3875
2109,揺れる,儚さ,0.44375
2110,揺れる,踊り,0.55625
2111,揺れる,スカート,0.5562499999999999
2112,揺れる,夜,0.21875
2113,揺れる,音楽,0.33125
2114,揺れる,回る,0.33125000000000004
2115,揺れる,舞台,0.21875000000000003
2116,舞台,笑顔,0.6125
2117,舞台,花,0.5562499999999999
2118,舞台,粉雪,0.05
2119,舞台,羽毛,0.05
2120,舞台,蝶,0.10625
2121,舞台,踊り子,0.78125
2122,舞台,笑う,0.44375
2123,舞台,明るい,0.66875
2124,舞台,嬉しい,0.33125000000000004
2125,舞台,美しい,0.66875
2126,舞台,可愛い,0.1625
2127,舞台,表情,0.3875
2128,舞台,癒し,0.275
2129,舞台,子供,0.33125000000000004
2130,舞台,咲く,0.33125
2131,舞台,きれい,0.44375
2132,舞台,鮮やか,0.66875
2133,舞台,枯れる,0.05
2134,舞台,植物,0.16250000000000003
2135,舞台,成長,0.5
2136,舞台,水,0.10625
2137,舞台,やわらかい,0.10625
2138,舞台,冷たい,0.10625
2139,舞台,降る,0.10625
2140,舞台,融ける,0.05
2141,舞台,白い,0.21875
2142,舞台,寒い,0.1625
2143,舞台,灰色,0.1625
2144,舞台,あたたかい,0.33125000000000004
2145,舞台,鳥,0.16250000000000003
2146,舞台,布団,0.05
2147,舞台,ふわふわ,0.10625
2148,舞台,羽,0.275
2149,舞台,軽い,0.05
2150,舞台,舞う,0.725
2151,舞台,飛ぶ,0.33125
2152,舞台,女性,0.6125
2153,舞台,空,0.44375
2154,舞台,美しさ,0.55625
2155,舞台,儚さ,0.33125000000000004
2156,舞台,踊り,0.8937499999999999
2157,舞台,スカート,0.6125
2158,舞台,夜,0.38749999999999996
2159,舞台,音楽,0.725
2160,舞台,回る,0.55625
2161,舞台,揺れる,0.275
